<?xml version="1.0" encoding="UTF-8"?>
<!DOCTYPE mapper PUBLIC "-//mybatis.org//DTD Mapper 3.0//EN" "http://mybatis.org/dtd/mybatis-3-mapper.dtd">

<mapper namespace="board">

	<sql id="search">
		SELECT board.*, member.name
		FROM board natural join member
		WHERE sub_cname=#{boardItem.subCname}
			<if test="pager.search == 1">
				and title LIKE CONCAT(CONCAT('%', #{pager.keyword}), '%')
			</if>
			<if test="pager.search == 2">
				and name LIKE CONCAT(CONCAT('%', #{pager.keyword}), '%')
			</if>
			<if test="pager.search == 3">
				and content LIKE CONCAT(CONCAT('%', #{pager.keyword}), '%')
			</if>
	</sql>		

	<insert id="add">
		INSERT INTO board(bid, sub_cname, id, title, content, reg_date)
		VALUES (null , #{subCname}, #{id}, #{title}, #{content}, NOW())
	</insert>
	
	<select id="item" resultType="Board">
		SELECT board.*, member.name 
		FROM board natural join member
		WHERE bid=#{bid}
		
	</select>
	
	<select id="list" resultType="Board">
		select * from (<include refid="search"></include>) main
		ORDER BY bid DESC
		LIMIT #{pager.offset}, #{pager.perPage}
	</select>
	
	<select id="total" resultType="Integer">
		select count(*) from (<include refid="search"></include>) main
	</select>
	
	<update id="update">
		UPDATE board
		SET sub_cname=#{subCname}, title=#{title}, content=#{content}, reg_date=NOW()
		WHERE bid=#{bid}
	</update>
	
	<delete id="delete">
		DELETE FROM board
		WHERE bid=#{bid}
	</delete>

</mapper>