<?xml version="1.0" encoding="UTF-8"?>
<!DOCTYPE mapper PUBLIC "-//mybatis.org//DTD Mapper 3.0//EN" "http://mybatis.org/dtd/mybatis-3-mapper.dtd">

<mapper namespace="member">

	<insert id="add">
		INSERT INTO member
		VALUES (#{id}, #{passwd}, #{name}, #{birth}, #{tel}, #{email})
	</insert>
	
	<select id="checkId" resultType="Integer">
		SELECT COUNT(*) FROM member
		WHERE id=#{id}
	</select>
	
	<select id="item" resultType="Member">
		SELECT * FROM member
		WHERE id=#{id}
	</select>
	
	<select id="list" resultType="Member">
		SELECT * FROM member
	</select>
	
	<update id="update">
		UPDATE member
		SET name=#{name}, passwd=#{passwd}, birth=#{birth}, tel=#{tel}, email=#{email}
		WHERE id=#{id}
	</update>
	
	<delete id="delete">
		DELETE FROM member
		WHERE id=#{id}
	</delete>
	
	<select id="login" resultType="Member">
		SELECT * FROM member
		WHERE id=#{id}
	</select>
</mapper>