<?xml version="1.0" encoding="UTF-8"?>
<!DOCTYPE mapper PUBLIC "-//mybatis.org//DTD Mapper 3.0//EN" "http://mybatis.org/dtd/mybatis-3-mapper.dtd">

<mapper namespace="reply">

	<select id="list" resultType="Reply">
		SELECT * FROM reply
		WHERE bid=#{bid}
		ORDER BY rid
	</select>

	<insert id="add">
		INSERT INTO reply(rid, content, id, name, bid)
		VALUES (null , #{content}, #{id}, #{name}, #{bid})
	</insert>

	<update id="update">
		UPDATE reply
		SET content=#{content}, id=#{id}, name=#{name}
		WHERE rid=#{rid}
	</update>
	
	<delete id="delete">
		DELETE FROM reply
		WHERE rid=#{rid}
	</delete>

</mapper>